QueryID,MatchScore
307190438469261060,0.42183470726013184
307190438469261061,0.42183470726013184
307190438469260990,0.4315459132194519
